date,demand_index,supply_index,fuel_price_usd,congestion_days,weather_risk,freight_rate_usd_mt
2024-10-17,107.45,120.99,566.24,5.12,9.18,17.86
2024-10-18,97.93,113.87,592.77,12.33,2.71,17.36
2024-10-19,109.72,100.89,560.38,0.9,8.39,15.04
2024-10-20,122.85,90.3,584.6,10.49,5.9,19.78
2024-10-21,96.49,110.47,505.32,1.69,1.7,12.37
2024-10-22,96.49,105.9,610.66,1.28,9.6,18.77
2024-10-23,123.69,113.43,600.06,0.15,3.22,15.17
2024-10-24,111.51,109.53,559.15,0.16,8.74,16.96
2024-10-25,92.96,115.74,632.96,3.53,2.52,15.97
2024-10-26,108.14,91.97,646.88,1.84,8.69,16.14
2024-10-27,93.05,119.76,519.62,0.77,1.12,13.39
2024-10-28,93.01,102.96,561.86,2.86,5.61,16.74
2024-10-29,103.63,131.13,561.54,0.87,7.92,14.32
2024-10-30,71.3,89.66,553.0,2.59,9.41,17.02
2024-10-31,74.13,126.04,641.47,1.34,9.18,15.93
2024-11-01,91.57,102.97,590.31,5.2,8.38,18.14
2024-11-02,84.81,90.23,586.77,5.16,8.99,16.26
2024-11-03,104.71,92.74,499.81,1.95,2.79,13.77
2024-11-04,86.38,95.19,631.77,1.3,3.56,14.65
2024-11-05,78.82,106.36,538.04,1.35,3.6,14.13
2024-11-06,121.98,107.84,603.0,4.92,4.39,18.55
2024-11-07,96.61,91.39,613.87,1.19,4.54,12.87
2024-11-08,101.01,99.63,668.03,0.7,5.9,16.53
2024-11-09,78.63,132.13,534.56,0.27,2.44,12.55
2024-11-10,91.83,125.91,449.02,1.89,7.22,12.92
2024-11-11,101.66,106.54,609.19,1.97,2.51,17.69
2024-11-12,82.74,100.57,690.03,5.51,3.79,17.68
2024-11-13,105.64,101.8,661.95,0.75,5.53,18.57
2024-11-14,90.99,109.2,610.48,1.44,8.17,15.21
2024-11-15,95.62,84.66,575.42,4.96,7.66,18.81
2024-11-16,90.97,96.14,640.36,5.21,6.81,19.8
2024-11-17,127.78,74.97,551.32,1.46,2.4,19.55
2024-11-18,99.8,105.99,623.82,1.84,5.92,14.5
2024-11-19,84.13,109.71,625.27,1.08,1.79,14.19
2024-11-20,112.34,92.75,653.01,8.09,4.4,18.79
2024-11-21,81.69,123.61,737.98,0.38,4.72,15.84
2024-11-22,103.13,81.61,619.62,8.14,1.36,19.7
2024-11-23,70.6,78.03,574.55,3.45,3.47,14.28
2024-11-24,80.08,103.37,598.72,2.28,9.6,15.6
2024-11-25,102.95,115.71,511.55,0.1,9.58,11.59
2024-11-26,111.08,125.26,565.26,1.94,4.17,17.36
2024-11-27,102.57,93.12,579.54,1.57,1.39,15.04
2024-11-28,98.27,116.18,573.8,0.53,2.61,14.51
2024-11-29,95.48,99.42,607.62,3.2,4.53,15.82
2024-11-30,77.82,97.41,558.88,10.64,9.53,19.45
2024-12-01,89.2,113.25,656.05,2.48,2.27,11.2
2024-12-02,93.09,109.78,600.01,3.76,7.87,16.15
2024-12-03,115.86,76.35,599.53,0.21,1.98,16.84
2024-12-04,105.15,122.15,583.61,1.62,9.83,15.0
2024-12-05,73.55,120.7,607.76,0.37,4.43,16.07
2024-12-06,104.86,90.62,641.25,2.85,7.98,16.35
2024-12-07,94.22,105.94,556.64,8.37,4.08,18.12
2024-12-08,89.85,107.41,567.09,3.25,6.65,16.04
2024-12-09,109.18,103.91,584.81,0.24,2.73,17.39
2024-12-10,115.46,91.75,532.71,1.31,2.31,15.06
2024-12-11,113.97,89.93,559.04,2.4,9.44,16.26
2024-12-12,87.41,99.62,576.19,1.55,9.26,17.18
2024-12-13,95.36,117.59,643.72,5.38,8.99,17.65
2024-12-14,104.97,108.15,613.13,5.06,6.63,14.92
2024-12-15,114.63,94.44,609.68,2.84,8.27,16.92
2024-12-16,92.81,111.58,642.54,1.4,1.62,15.77
2024-12-17,97.22,57.27,593.13,0.88,4.01,18.42
2024-12-18,83.4,117.23,619.52,0.34,3.82,13.14
2024-12-19,82.06,73.9,594.84,1.32,6.72,11.79
2024-12-20,112.19,94.56,613.27,1.6,4.2,17.64
2024-12-21,120.34,83.2,570.86,3.38,2.34,15.81
2024-12-22,98.92,80.58,478.06,3.22,6.37,13.08
2024-12-23,115.05,117.41,593.29,0.22,8.33,11.64
2024-12-24,105.42,92.98,671.14,1.51,4.44,18.38
2024-12-25,90.32,105.2,646.31,0.6,2.19,15.36
2024-12-26,105.42,99.3,648.27,0.51,2.77,15.87
2024-12-27,123.07,107.16,661.81,5.27,3.14,20.46
2024-12-28,99.46,101.15,604.43,0.13,3.7,16.34
2024-12-29,123.47,80.76,609.87,1.63,6.79,20.63
2024-12-30,60.7,114.94,569.12,0.55,6.41,10.85
2024-12-31,112.33,92.59,584.2,6.34,7.26,18.33
2025-01-01,101.31,76.65,630.79,2.44,4.26,15.04
2025-01-02,95.51,93.58,660.19,0.79,8.42,16.37
2025-01-03,101.38,122.51,593.03,2.09,2.84,14.64
2025-01-04,70.19,112.75,577.49,3.94,5.22,15.42
2025-01-05,96.7,94.77,600.03,9.52,8.21,18.79
2025-01-06,105.36,94.76,630.06,0.75,2.62,17.2
2025-01-07,122.17,95.18,527.81,6.52,1.99,18.79
2025-01-08,92.23,131.15,485.19,8.17,8.95,18.8
2025-01-09,87.87,105.73,572.47,7.45,4.09,16.06
2025-01-10,92.47,106.45,538.96,3.03,7.15,13.97
2025-01-11,113.73,115.45,574.59,2.98,1.23,16.2
2025-01-12,104.93,103.58,592.61,1.55,7.21,15.01
2025-01-13,92.05,96.11,577.34,4.19,3.84,18.4
2025-01-14,107.7,97.05,672.62,2.27,1.5,16.64
2025-01-15,101.46,98.93,616.34,3.39,6.49,16.1
2025-01-16,114.53,99.44,615.02,1.68,3.17,16.01
2025-01-17,89.47,110.91,631.11,3.94,4.48,17.06
2025-01-18,95.09,100.78,543.06,5.22,1.73,15.66
2025-01-19,94.12,110.99,651.96,0.48,2.32,14.2
2025-01-20,78.05,98.79,596.21,5.37,3.68,18.39
2025-01-21,104.44,101.18,633.52,2.33,1.81,15.11
2025-01-22,103.92,70.03,546.41,5.59,9.2,18.51
2025-01-23,100.08,113.74,522.31,1.69,1.05,15.27
2025-01-24,96.48,105.2,640.89,1.43,5.35,13.54
2025-01-25,78.77,114.97,618.82,7.4,2.11,16.68
2025-01-26,93.69,56.56,554.9,0.87,3.77,15.03
2025-01-27,94.86,131.33,556.52,5.58,9.33,16.9
2025-01-28,87.97,97.91,656.27,1.99,2.46,14.44
2025-01-29,97.58,116.62,540.53,2.17,9.69,16.28
2025-01-30,106.06,84.4,682.13,1.11,2.85,19.02
2025-01-31,128.29,109.19,554.97,2.55,7.67,18.42
2025-02-01,102.62,84.2,631.92,1.18,5.92,17.41
2025-02-02,103.86,90.64,583.57,0.12,8.96,15.99
2025-02-03,98.88,128.71,630.16,0.95,5.99,14.12
2025-02-04,71.22,97.14,572.79,0.02,5.81,16.2
2025-02-05,99.6,103.26,591.86,11.5,2.76,17.44
2025-02-06,100.9,113.05,602.05,10.12,2.5,16.27
2025-02-07,136.95,107.44,549.89,1.51,9.25,18.42
2025-02-08,97.11,102.26,637.04,3.91,3.95,15.51
2025-02-09,104.52,105.47,574.34,1.27,4.35,14.14
2025-02-10,99.48,136.05,588.57,3.34,7.84,13.04
2025-02-11,82.47,99.14,550.28,4.91,4.05,14.81
2025-02-12,117.14,103.02,471.88,8.8,9.57,17.93
2025-02-13,111.28,115.76,590.45,1.53,7.64,16.43
2025-02-14,111.87,116.58,720.63,4.59,6.38,19.58
2025-02-15,86.36,117.81,639.23,0.93,8.93,15.96
2025-02-16,121.04,109.58,599.04,13.92,1.45,19.69
2025-02-17,78.97,82.85,586.86,0.08,3.31,14.56
2025-02-18,108.8,124.5,601.12,2.78,5.19,16.59
2025-02-19,132.86,82.8,627.36,3.23,3.04,20.79
2025-02-20,85.14,104.54,540.96,3.49,7.7,15.49
2025-02-21,91.51,88.69,655.72,0.38,9.27,15.92
2025-02-22,101.49,99.04,635.77,8.37,4.81,16.97
2025-02-23,92.45,104.93,635.91,0.6,4.08,13.2
2025-02-24,76.74,104.82,621.92,2.92,9.65,16.71
2025-02-25,101.03,106.33,600.98,0.76,5.0,16.4
2025-02-26,84.07,124.21,633.64,1.1,5.4,15.31
2025-02-27,107.1,106.8,629.59,2.37,4.16,16.31
2025-02-28,86.21,96.34,582.3,1.62,9.19,17.79
2025-03-01,123.25,114.46,571.32,0.52,6.12,15.34
2025-03-02,88.25,117.84,605.09,0.56,7.86,16.14
2025-03-03,95.17,81.59,677.45,1.62,8.31,17.53
2025-03-04,112.2,108.96,538.04,4.25,4.08,15.4
2025-03-05,81.54,110.52,526.62,6.85,4.9,16.36
2025-03-06,103.41,95.54,608.24,0.26,8.64,16.99
2025-03-07,119.61,120.64,602.54,1.5,4.27,16.59
2025-03-08,75.89,97.75,608.67,0.32,8.15,15.0
2025-03-09,102.77,101.88,612.2,0.05,9.47,16.09
2025-03-10,103.9,97.4,588.84,3.25,6.61,20.41
2025-03-11,111.73,100.23,674.49,2.77,7.67,19.7
2025-03-12,81.45,83.56,519.95,0.53,8.25,16.0
2025-03-13,80.19,78.4,558.58,0.8,8.61,15.73
2025-03-14,107.83,123.92,594.84,0.07,4.56,16.37
2025-03-15,104.45,87.3,517.84,5.4,1.46,17.45
2025-03-16,103.76,85.13,591.21,11.03,4.62,19.5
2025-03-17,105.2,67.7,683.07,0.44,7.06,17.76
2025-03-18,89.8,90.42,601.04,0.79,5.05,15.5
2025-03-19,103.48,80.15,611.54,6.08,7.74,13.93
2025-03-20,104.4,124.63,536.99,7.83,4.21,16.69
2025-03-21,89.28,115.15,569.18,1.63,6.71,13.98
2025-03-22,127.99,89.68,581.24,0.16,2.68,19.33
2025-03-23,107.11,133.79,584.11,0.12,7.74,14.68
2025-03-24,82.13,114.73,664.08,2.56,5.91,13.73
2025-03-25,109.85,95.13,627.88,1.5,2.84,16.62
2025-03-26,85.38,62.51,544.43,0.09,3.63,14.03
2025-03-27,111.81,134.36,612.33,2.63,7.74,16.61
2025-03-28,117.38,79.16,624.91,0.03,5.34,17.93
2025-03-29,87.69,75.32,657.01,4.64,2.94,19.07
2025-03-30,114.45,115.34,679.03,1.1,9.71,16.01
2025-03-31,106.19,136.6,549.25,0.12,7.44,14.17
2025-04-01,112.33,120.76,559.46,2.66,9.61,14.09
2025-04-02,128.45,108.46,537.12,1.52,4.84,17.45
2025-04-03,96.32,108.92,588.3,10.93,5.28,18.93
2025-04-04,88.69,112.8,623.32,2.36,9.08,16.51
2025-04-05,86.66,111.38,649.37,0.97,5.73,15.24
2025-04-06,87.76,104.22,596.2,3.71,7.37,16.65
2025-04-07,98.84,101.56,584.01,0.95,3.27,17.74
2025-04-08,105.12,99.06,607.59,7.04,5.02,17.56
2025-04-09,104.15,88.69,558.24,1.41,2.11,16.08
2025-04-10,112.41,95.79,704.48,2.39,2.85,16.21
2025-04-11,100.2,74.61,519.62,0.16,1.01,14.07
2025-04-12,121.8,98.52,609.24,1.67,1.35,17.02
2025-04-13,96.03,85.17,701.18,5.36,9.8,20.65
2025-04-14,140.8,83.45,600.34,4.91,3.18,19.11
2025-04-15,109.39,102.7,590.5,0.76,6.97,15.84
2025-04-16,87.14,120.88,582.13,0.77,8.55,13.82
2025-04-17,83.94,113.77,590.98,5.1,5.96,14.88
2025-04-18,107.24,76.44,668.64,7.99,2.38,20.07
2025-04-19,96.65,85.16,489.41,0.3,7.55,12.92
2025-04-20,110.71,114.11,676.67,1.79,6.4,18.84
2025-04-21,107.1,85.26,528.8,1.23,7.58,15.36
2025-04-22,98.91,96.63,586.67,6.14,7.93,18.66
2025-04-23,87.3,108.25,578.54,0.26,9.78,12.97
2025-04-24,77.28,85.47,629.43,0.71,6.16,16.57
2025-04-25,93.3,101.58,520.09,4.19,4.07,16.47
2025-04-26,112.85,79.99,623.11,0.16,6.84,17.98
2025-04-27,103.21,90.98,701.22,2.03,1.62,15.81
2025-04-28,81.31,104.8,531.84,1.75,9.08,15.0
2025-04-29,102.6,76.11,609.49,1.22,2.07,14.98
2025-04-30,105.78,106.61,566.9,1.51,3.95,15.16
2025-05-01,86.74,99.71,621.29,2.26,8.34,17.62
2025-05-02,102.31,108.29,600.96,0.53,6.38,16.78
2025-05-03,100.87,103.36,567.93,2.55,4.54,15.83
2025-05-04,82.86,120.46,624.39,4.91,5.26,14.11
2025-05-05,105.37,101.88,690.22,4.28,8.69,19.22
2025-05-06,108.41,93.56,590.45,0.5,4.06,16.17
2025-05-07,116.25,101.83,635.99,0.48,8.83,13.65
2025-05-08,115.81,108.15,535.34,0.94,1.79,16.45
2025-05-09,79.33,100.73,552.18,1.34,7.99,14.63
2025-05-10,85.93,100.61,623.62,1.58,8.63,17.65
2025-05-11,107.73,89.47,674.21,3.42,2.64,16.19
2025-05-12,107.71,90.06,617.78,0.18,4.87,11.74
2025-05-13,107.73,78.96,584.35,0.11,2.49,16.77
2025-05-14,150.0,126.24,599.96,1.49,7.36,18.07
2025-05-15,108.56,81.34,537.48,3.58,5.82,14.67
2025-05-16,117.03,89.61,630.23,0.64,6.72,15.97
2025-05-17,114.31,89.22,644.12,3.08,2.77,21.92
2025-05-18,109.77,113.42,577.4,0.9,2.91,14.83
2025-05-19,95.27,95.58,576.5,6.52,1.37,17.89
2025-05-20,111.38,118.72,613.29,6.78,3.9,16.4
2025-05-21,88.41,89.9,578.16,1.06,6.04,12.39
2025-05-22,96.45,104.18,596.69,0.78,8.72,15.47
2025-05-23,92.72,87.47,704.99,1.59,7.0,16.97
2025-05-24,101.23,132.18,587.65,0.83,4.92,13.79
2025-05-25,134.72,82.19,582.08,3.35,9.58,19.06
2025-05-26,71.99,104.65,567.62,5.25,7.47,15.81
2025-05-27,110.29,109.51,637.21,3.35,9.37,17.22
2025-05-28,75.81,106.21,590.94,5.22,5.75,13.7
2025-05-29,92.92,97.22,567.53,1.52,3.33,15.95
2025-05-30,116.33,98.05,666.07,0.51,1.48,13.93
2025-05-31,100.96,100.66,670.98,4.02,7.53,14.61
2025-06-01,83.83,97.79,569.98,1.34,2.09,15.7
2025-06-02,89.27,114.46,506.67,3.34,3.72,15.09
2025-06-03,110.19,133.16,650.38,0.95,5.79,15.46
2025-06-04,89.04,91.64,565.77,0.25,6.08,13.04
2025-06-05,103.25,79.45,639.53,14.71,6.41,20.37
2025-06-06,100.68,98.68,501.49,0.51,2.5,14.11
2025-06-07,90.23,138.7,644.63,13.38,4.42,15.47
2025-06-08,132.16,87.94,539.44,11.35,6.55,19.44
2025-06-09,109.51,124.59,636.54,4.74,9.73,18.23
2025-06-10,69.62,125.17,600.71,3.23,7.55,16.35
2025-06-11,102.8,91.7,552.3,2.59,9.3,16.07
2025-06-12,90.07,108.53,579.65,6.03,7.86,17.69
2025-06-13,112.79,124.43,634.32,1.03,6.33,13.07
2025-06-14,88.11,94.31,605.29,1.89,2.73,16.52
2025-06-15,98.28,96.95,629.22,2.9,7.0,15.69
2025-06-16,107.57,91.27,698.82,1.59,6.61,18.31
2025-06-17,112.99,84.78,521.79,1.67,6.42,16.25
2025-06-18,82.0,90.26,680.86,1.2,5.41,18.18
2025-06-19,94.98,81.64,605.22,2.49,5.76,15.55
2025-06-20,92.88,100.51,555.06,5.7,4.01,17.23
2025-06-21,90.2,88.45,533.48,0.68,5.67,14.66
2025-06-22,126.48,103.51,590.54,8.17,2.78,18.58
2025-06-23,106.07,76.66,646.08,3.5,8.25,18.3
2025-06-24,81.09,104.96,593.62,5.2,2.67,14.35
2025-06-25,113.77,112.5,675.56,2.44,1.76,16.83
2025-06-26,131.83,70.09,527.44,4.54,4.93,18.82
2025-06-27,115.49,105.61,599.4,0.05,6.92,16.61
2025-06-28,77.21,118.42,537.38,5.12,4.94,14.65
2025-06-29,92.74,81.86,618.18,0.12,3.49,17.13
2025-06-30,119.0,125.09,644.34,6.62,6.02,19.36
2025-07-01,89.38,106.29,578.96,14.47,4.12,17.19
2025-07-02,106.66,89.42,469.79,1.04,9.4,17.01
2025-07-03,111.62,99.16,609.95,0.71,9.3,15.08
2025-07-04,86.1,108.37,621.84,4.35,5.52,16.93
2025-07-05,99.11,101.14,620.21,0.88,3.95,16.7
2025-07-06,51.38,108.08,661.79,6.02,7.63,12.57
2025-07-07,84.63,86.19,546.45,0.33,1.33,14.62
2025-07-08,96.21,102.54,634.01,0.4,5.27,14.99
2025-07-09,81.28,78.79,659.63,11.61,4.03,18.26
2025-07-10,124.49,98.33,511.07,3.36,9.28,19.36
2025-07-11,78.55,86.44,615.98,5.63,1.11,15.45
2025-07-12,93.4,88.97,574.79,1.18,5.98,14.6
2025-07-13,101.96,118.54,595.92,3.39,7.67,16.21
2025-07-14,121.62,116.37,617.38,2.71,5.37,17.98
2025-07-15,78.46,109.14,575.64,2.77,1.77,14.11
2025-07-16,117.45,83.62,566.21,3.44,9.75,19.95
2025-07-17,100.15,95.25,601.71,2.57,5.66,17.35
2025-07-18,85.28,118.2,545.64,1.68,6.53,10.88
2025-07-19,106.93,102.13,545.71,0.97,3.13,14.53
2025-07-20,102.99,134.79,633.97,4.39,5.35,15.11
2025-07-21,91.0,105.9,542.56,0.77,4.86,15.18
2025-07-22,101.05,102.88,633.32,3.54,1.67,12.56
2025-07-23,94.22,95.36,623.13,0.8,1.96,19.39
2025-07-24,101.7,102.0,513.71,2.95,8.54,16.68
2025-07-25,109.93,97.71,566.12,4.12,3.16,17.03
2025-07-26,123.79,110.62,659.71,0.74,2.75,18.63
2025-07-27,81.43,114.35,550.94,0.19,5.54,17.13
2025-07-28,132.0,88.21,576.78,0.42,7.92,19.06
2025-07-29,70.72,80.03,623.1,2.79,1.56,16.98
2025-07-30,97.72,72.46,639.17,5.68,6.19,18.9
2025-07-31,108.82,107.62,587.42,0.14,2.07,15.05
2025-08-01,104.21,83.45,570.12,3.97,1.33,16.19
2025-08-02,90.66,67.71,671.12,1.25,1.47,15.82
2025-08-03,96.88,105.83,686.94,1.95,8.51,15.89
2025-08-04,92.6,137.39,648.94,7.93,2.06,14.18
2025-08-05,91.16,99.91,604.27,1.21,1.41,14.99
2025-08-06,112.74,112.58,559.59,1.88,4.94,13.26
2025-08-07,105.36,101.23,558.48,0.04,8.6,15.96
2025-08-08,89.61,98.52,626.13,0.26,3.36,15.16
2025-08-09,113.49,113.79,620.92,0.9,4.8,16.3
2025-08-10,104.61,95.65,670.08,0.08,1.36,15.48
2025-08-11,112.19,104.01,632.52,2.99,5.04,21.79
2025-08-12,109.44,104.83,524.85,1.67,6.2,17.69
2025-08-13,87.57,89.98,652.6,2.38,6.14,14.77
2025-08-14,91.6,114.88,550.1,0.58,3.99,14.41
2025-08-15,111.21,97.38,580.8,1.05,3.84,15.26
2025-08-16,109.16,88.66,612.51,3.27,1.96,15.69
2025-08-17,99.69,108.05,699.78,10.08,4.3,17.11
2025-08-18,101.76,86.52,755.5,0.16,1.9,18.07
2025-08-19,119.16,100.42,630.34,6.63,7.9,18.0
2025-08-20,91.13,99.86,590.84,2.58,9.7,17.67
2025-08-21,108.21,116.29,626.73,2.49,9.73,18.24
2025-08-22,96.97,107.12,644.38,2.08,8.79,18.57
2025-08-23,96.73,99.62,583.97,0.22,6.41,14.12
2025-08-24,116.48,112.27,689.76,0.28,7.31,17.76
2025-08-25,112.38,120.85,611.5,2.76,3.57,17.03
2025-08-26,112.2,108.37,624.89,1.25,6.68,15.86
2025-08-27,119.58,100.16,633.3,7.48,5.1,17.9
2025-08-28,100.32,80.32,621.08,1.57,5.34,19.43
2025-08-29,110.23,84.02,641.95,0.46,7.82,17.83
2025-08-30,95.35,95.42,569.14,3.76,3.54,17.08
2025-08-31,104.86,90.86,572.08,1.04,3.86,14.8
2025-09-01,98.05,97.2,544.99,2.24,9.32,14.24
2025-09-02,101.45,100.85,621.98,3.59,1.51,15.63
2025-09-03,108.93,107.95,638.95,6.92,5.37,17.94
2025-09-04,87.73,98.94,622.89,4.71,9.22,15.4
2025-09-05,131.39,107.3,683.72,3.38,6.49,18.76
2025-09-06,84.91,100.97,599.72,3.41,5.92,13.29
2025-09-07,81.79,70.37,633.44,8.75,3.25,16.88
2025-09-08,117.37,85.91,545.41,1.05,4.09,17.62
2025-09-09,111.87,97.84,580.65,0.0,8.67,17.26
2025-09-10,109.36,81.85,634.78,0.95,6.03,16.84
2025-09-11,109.43,109.0,642.46,0.74,5.63,14.79
2025-09-12,99.82,122.96,585.3,3.25,1.9,13.55
2025-09-13,86.54,118.28,596.42,3.01,1.14,14.02
2025-09-14,101.14,96.8,524.11,2.7,9.67,17.17
2025-09-15,89.84,122.36,582.15,0.05,4.39,15.27
2025-09-16,114.63,102.23,644.52,3.91,6.43,17.16
2025-09-17,97.79,94.94,628.76,1.17,1.72,14.17
2025-09-18,87.62,90.8,625.03,3.28,7.15,17.1
2025-09-19,95.18,95.46,602.49,2.44,9.39,15.4
2025-09-20,106.19,94.18,600.35,1.26,6.18,15.76
2025-09-21,91.54,102.56,566.98,0.43,2.14,16.48
2025-09-22,87.67,102.41,634.94,0.3,6.24,16.59
2025-09-23,103.66,100.05,621.05,5.34,7.9,18.02
2025-09-24,103.67,106.55,624.6,7.52,4.66,15.98
2025-09-25,92.4,117.86,573.7,3.15,8.92,15.8
2025-09-26,92.93,114.24,492.33,0.33,6.84,15.38
2025-09-27,103.48,77.73,654.86,1.54,9.09,17.42
2025-09-28,78.28,61.69,576.06,3.92,6.61,19.07
2025-09-29,78.89,114.01,556.86,4.54,2.18,16.47
2025-09-30,89.22,79.5,634.67,0.38,3.79,18.62
2025-10-01,96.8,96.63,580.4,0.0,2.82,15.52
2025-10-02,104.66,82.45,653.0,3.74,9.18,19.38
2025-10-03,122.13,72.97,630.85,1.32,7.84,20.8
2025-10-04,112.86,108.12,634.18,0.88,7.09,17.3
2025-10-05,97.6,111.39,531.7,0.04,3.71,13.37
2025-10-06,99.71,91.35,660.6,2.33,2.66,16.23
2025-10-07,84.96,61.13,613.06,5.71,7.81,18.79
2025-10-08,99.72,91.81,581.54,9.48,5.27,16.57
2025-10-09,95.67,105.88,607.17,2.5,3.03,15.46
2025-10-10,104.84,77.82,511.19,2.17,6.55,18.19
2025-10-11,87.59,102.75,620.43,0.27,1.36,11.4
2025-10-12,107.79,99.77,548.53,2.39,3.94,18.3
2025-10-13,122.99,108.69,532.37,1.43,5.22,17.76
2025-10-14,98.37,101.79,523.88,2.8,2.33,14.47
2025-10-15,106.03,85.4,655.63,1.48,9.86,18.69
2025-10-16,110.35,117.95,568.54,0.82,2.88,15.03
2025-10-17,93.98,97.62,676.69,0.3,2.17,17.71
2025-10-18,103.36,99.59,573.21,1.13,2.83,17.01
2025-10-19,100.19,86.0,514.63,0.3,7.92,13.5
2025-10-20,101.47,93.35,544.17,0.58,4.83,16.32
2025-10-21,88.4,86.73,661.79,13.11,6.09,19.8
2025-10-22,100.37,97.41,592.21,1.76,1.19,15.82
2025-10-23,107.47,125.68,572.59,2.28,1.31,13.79
2025-10-24,121.77,79.42,608.0,6.21,5.01,21.98
2025-10-25,114.39,75.8,625.09,15.0,8.35,23.83
2025-10-26,132.3,122.07,655.87,2.62,8.97,16.86
2025-10-27,88.49,96.86,672.42,5.02,1.78,14.96
2025-10-28,113.08,89.96,582.01,1.19,5.85,16.24
2025-10-29,102.75,115.6,533.7,1.09,9.22,15.75
2025-10-30,132.85,90.92,579.33,1.55,4.49,18.07
2025-10-31,87.88,127.39,613.01,3.35,8.47,17.16
2025-11-01,87.4,110.17,551.81,3.44,2.2,15.92
2025-11-02,91.01,92.68,552.14,1.14,9.42,17.1
2025-11-03,68.14,132.36,617.19,0.43,7.76,13.68
2025-11-04,92.11,90.91,597.57,3.0,9.47,14.71
2025-11-05,88.61,111.13,601.64,0.41,7.09,14.54
2025-11-06,102.26,104.49,562.08,2.59,4.27,17.35
2025-11-07,105.13,119.53,588.48,3.55,9.44,16.29
2025-11-08,128.14,123.42,553.79,3.62,3.48,17.2
2025-11-09,114.26,100.48,644.51,4.2,3.99,17.32
2025-11-10,91.35,88.7,651.76,6.19,7.31,16.58
2025-11-11,86.52,106.9,507.69,2.08,7.89,14.35
2025-11-12,107.38,89.83,553.52,3.93,9.36,17.89
2025-11-13,80.2,130.2,525.17,2.9,2.84,12.22
2025-11-14,127.47,102.05,567.5,0.62,8.18,16.62
2025-11-15,117.69,94.52,595.83,0.08,7.65,15.44
2025-11-16,92.96,102.77,527.52,1.0,1.57,15.95
2025-11-17,74.3,79.79,553.91,1.76,4.49,14.6
2025-11-18,120.31,85.43,549.8,2.88,3.54,19.49
2025-11-19,98.28,118.01,610.36,5.69,3.74,18.67
2025-11-20,118.57,90.15,603.47,0.66,9.85,17.42
2025-11-21,76.08,84.3,563.91,0.4,6.78,13.36
2025-11-22,91.01,108.05,608.84,9.93,7.46,14.91
2025-11-23,100.08,117.79,572.67,0.34,9.79,12.89
2025-11-24,100.7,110.78,586.42,1.95,4.39,13.43
2025-11-25,93.25,114.94,683.67,2.64,8.22,18.58
2025-11-26,109.34,88.65,667.02,2.34,4.91,17.96
2025-11-27,83.99,78.67,535.02,0.27,8.83,15.95
2025-11-28,97.86,122.52,641.49,0.18,2.63,11.39
2025-11-29,101.8,95.16,640.57,0.33,9.53,14.95
2025-11-30,107.72,96.24,542.59,2.64,2.97,17.38
2025-12-01,110.67,119.92,640.94,2.36,3.94,16.68
2025-12-02,83.13,108.34,676.9,0.8,7.81,15.39
2025-12-03,76.99,106.84,543.87,3.05,4.54,15.23
2025-12-04,119.17,132.48,554.12,5.15,6.47,18.85
2025-12-05,104.98,90.35,650.88,0.13,5.0,16.35
2025-12-06,88.77,113.92,613.57,2.07,7.68,15.51
2025-12-07,123.27,100.86,627.57,3.51,3.05,18.05
2025-12-08,101.74,104.03,617.03,0.87,1.53,19.1
2025-12-09,117.69,122.93,619.53,1.1,3.7,12.71
2025-12-10,101.01,107.62,533.68,2.85,5.27,16.49
2025-12-11,130.91,108.07,652.37,6.85,2.51,18.88
2025-12-12,126.33,116.09,658.48,4.98,4.19,19.02
2025-12-13,96.27,94.53,588.53,2.62,4.6,15.18
2025-12-14,114.57,87.41,597.83,3.93,1.52,17.47
2025-12-15,109.68,84.33,523.44,1.36,6.25,17.45
2025-12-16,120.53,70.5,625.71,3.07,8.96,23.95
2025-12-17,85.53,130.84,628.6,1.88,2.37,15.34
2025-12-18,110.29,83.45,596.89,0.63,6.38,15.7
2025-12-19,115.88,96.68,656.22,3.63,6.98,17.64
2025-12-20,73.62,95.85,583.3,2.44,4.77,14.21
2025-12-21,82.25,104.61,628.23,1.33,7.31,12.65
2025-12-22,69.41,112.24,549.02,7.27,4.7,14.63
2025-12-23,95.96,112.91,598.82,0.06,5.54,15.94
2025-12-24,110.76,91.25,591.28,1.14,1.07,14.34
2025-12-25,122.54,97.49,611.27,0.18,7.23,18.69
2025-12-26,101.11,104.24,581.52,4.36,6.95,17.44
2025-12-27,124.43,96.27,593.43,3.63,1.35,16.43
2025-12-28,79.3,124.11,641.3,1.21,4.31,13.99
2025-12-29,74.45,107.36,578.16,3.38,9.81,17.6
2025-12-30,99.17,111.02,519.67,1.51,4.79,15.75
2025-12-31,105.76,109.94,687.48,4.23,5.52,17.6
2026-01-01,99.51,117.6,669.07,1.82,9.19,16.07
2026-01-02,68.99,102.72,535.39,1.59,7.46,14.03
2026-01-03,98.66,80.55,634.49,8.19,6.24,18.37
2026-01-04,80.43,106.0,574.85,0.87,8.18,11.45
2026-01-05,110.05,90.23,613.17,0.39,8.78,20.08
2026-01-06,105.5,92.07,614.71,2.64,5.11,17.27
2026-01-07,85.9,108.8,588.28,10.45,5.28,18.09
2026-01-08,92.29,118.57,560.81,1.42,4.47,14.27
2026-01-09,84.11,100.32,565.47,0.19,9.7,13.77
2026-01-10,99.06,104.63,554.19,1.24,7.27,15.13
2026-01-11,114.33,125.53,558.41,2.12,1.75,12.69
2026-01-12,85.21,103.61,596.64,0.53,8.77,18.53
2026-01-13,107.56,139.03,564.21,3.22,5.33,13.11
2026-01-14,92.05,108.48,634.1,15.0,1.62,17.72
2026-01-15,88.11,73.59,674.36,1.8,5.95,16.68
2026-01-16,98.39,111.3,571.0,1.31,4.75,16.98
2026-01-17,84.47,105.72,611.97,1.54,8.9,15.49
2026-01-18,91.7,119.35,624.98,0.37,2.84,12.6
2026-01-19,82.03,110.1,623.6,6.44,8.44,18.59
2026-01-20,129.47,97.92,603.8,1.61,6.02,18.78
2026-01-21,100.53,81.64,637.13,1.47,1.49,17.53
2026-01-22,89.5,96.86,624.11,3.23,9.75,17.86
2026-01-23,103.21,87.24,538.12,1.75,5.61,19.73
2026-01-24,98.32,91.29,643.46,3.13,3.62,20.28
2026-01-25,96.69,108.83,644.36,0.19,5.22,14.47
2026-01-26,109.21,125.05,561.84,5.04,8.72,18.9
2026-01-27,111.36,105.92,601.9,8.47,3.74,18.84
2026-01-28,92.04,82.06,634.17,3.14,2.73,17.63
2026-01-29,91.36,106.67,589.53,9.27,2.16,14.66
2026-01-30,95.87,117.95,653.65,0.49,3.68,14.87
2026-01-31,65.47,90.85,718.19,1.95,8.02,14.99
2026-02-01,77.27,97.99,560.7,2.76,5.24,16.15
2026-02-02,120.5,100.22,530.95,2.61,3.05,18.02
2026-02-03,124.67,88.23,615.19,1.54,2.5,14.46
2026-02-04,96.26,109.72,636.08,1.24,3.99,15.52
2026-02-05,108.65,98.19,588.46,0.41,9.46,18.14
2026-02-06,104.67,106.29,672.66,1.49,4.09,16.28
2026-02-07,146.18,86.69,533.07,0.53,9.89,19.42
2026-02-08,116.79,93.44,634.65,3.98,5.37,18.71
2026-02-09,98.08,110.84,569.71,0.7,2.61,15.15
2026-02-10,85.67,94.41,685.97,0.18,9.02,15.92
2026-02-11,75.9,125.9,699.63,2.41,5.14,13.17
2026-02-12,103.05,94.01,561.67,2.71,7.39,14.88
2026-02-13,88.65,103.37,572.52,6.17,9.85,17.92
2026-02-14,78.67,113.99,642.98,2.58,1.45,14.75
2026-02-15,90.3,78.72,580.64,1.27,1.87,15.53
2026-02-16,83.78,73.59,597.73,4.87,7.48,16.8
2026-02-17,125.31,77.12,601.27,2.33,3.54,17.79
2026-02-18,113.22,118.94,504.02,0.25,2.66,15.85
2026-02-19,99.88,91.72,599.31,2.5,1.35,15.7
2026-02-20,122.2,138.37,565.51,7.16,1.2,14.49
2026-02-21,101.16,91.54,575.34,1.51,7.97,17.52
2026-02-22,87.08,102.77,672.18,1.05,2.21,15.2
2026-02-23,122.85,123.13,537.17,0.46,5.21,15.3
2026-02-24,108.08,130.09,640.66,0.49,6.45,17.81
2026-02-25,84.44,130.92,586.05,1.7,4.86,13.81
2026-02-26,97.14,118.13,586.01,2.72,1.24,15.37
2026-02-27,86.87,115.36,639.52,0.25,8.05,13.24
2026-02-28,79.26,108.89,617.0,8.42,1.09,16.08
2026-03-01,113.89,111.68,628.53,4.22,7.86,18.48
2026-03-02,128.64,91.73,648.41,2.65,9.04,16.61
2026-03-03,79.02,87.73,583.43,5.29,4.9,16.65
2026-03-04,108.44,99.95,569.39,0.25,5.82,15.93
2026-03-05,90.24,97.45,545.74,1.94,5.29,15.25
2026-03-06,92.69,93.2,558.73,2.98,4.5,17.39
2026-03-07,91.11,110.45,747.45,5.29,8.99,18.6
2026-03-08,87.04,114.33,662.23,4.59,9.05,18.9
2026-03-09,100.73,101.33,532.45,0.97,4.02,13.51
2026-03-10,87.54,122.16,533.88,8.48,6.54,16.23
2026-03-11,104.06,82.87,624.09,0.4,9.34,17.31
2026-03-12,99.25,97.1,627.36,6.24,9.66,16.59
2026-03-13,96.42,89.25,627.44,10.62,5.58,20.7
2026-03-14,86.39,72.0,587.25,0.58,5.08,19.48
2026-03-15,91.35,98.76,593.73,3.84,3.51,16.03
2026-03-16,111.33,98.17,616.39,0.12,9.63,17.56
2026-03-17,107.51,122.7,604.29,1.56,2.29,15.33
2026-03-18,85.34,109.46,489.03,2.18,6.22,12.98
2026-03-19,101.49,84.64,588.51,2.61,3.54,13.98
2026-03-20,111.27,127.81,557.43,8.24,3.51,15.79
2026-03-21,74.96,118.32,608.76,3.35,4.64,12.48
2026-03-22,108.15,108.73,749.26,1.97,9.99,20.7
2026-03-23,90.06,96.6,618.37,4.98,1.49,16.29
2026-03-24,108.56,85.61,584.32,9.02,6.21,18.65
2026-03-25,88.55,94.42,646.09,0.07,1.74,16.64
2026-03-26,72.93,116.33,624.13,12.14,2.39,15.43
2026-03-27,75.59,128.27,621.0,0.27,4.96,12.29
2026-03-28,100.72,123.15,630.34,5.05,5.59,16.59
2026-03-29,103.9,92.67,702.83,0.99,3.33,18.69
2026-03-30,86.44,83.21,543.46,0.43,3.85,15.69
2026-03-31,109.58,102.11,623.68,1.74,1.78,16.7
2026-04-01,75.08,73.47,553.68,3.1,3.73,15.77
2026-04-02,99.01,104.85,627.78,1.44,9.7,17.04
2026-04-03,81.83,97.79,554.07,0.17,9.5,15.02
2026-04-04,90.22,93.01,579.13,2.74,4.01,14.26
2026-04-05,100.71,76.08,585.25,6.98,6.14,18.62
2026-04-06,87.09,107.7,648.79,1.45,9.19,14.28
2026-04-07,94.23,92.01,645.92,0.73,1.06,15.94
2026-04-08,115.09,82.45,537.71,1.75,8.3,16.47
2026-04-09,91.35,56.92,602.75,0.15,9.54,21.13
2026-04-10,112.54,99.59,564.52,5.15,1.82,16.96
2026-04-11,83.05,126.58,537.07,5.25,2.45,12.17
2026-04-12,107.95,124.92,589.15,2.66,9.65,15.85
2026-04-13,121.62,93.14,584.58,1.31,5.84,17.96
2026-04-14,62.93,90.97,721.34,4.83,1.13,18.79
2026-04-15,88.05,107.03,621.65,2.43,3.32,14.51
2026-04-16,108.66,85.02,531.12,5.24,5.05,15.05
2026-04-17,96.95,104.53,571.76,2.99,7.24,17.23
2026-04-18,105.57,111.49,651.07,4.6,7.6,15.4
2026-04-19,90.94,118.4,704.42,2.74,9.96,16.02
2026-04-20,101.3,98.5,520.7,1.6,3.59,14.79
2026-04-21,97.66,96.94,506.0,9.51,5.84,17.4
2026-04-22,117.52,86.83,693.55,2.34,5.8,19.65
2026-04-23,103.82,87.6,619.48,2.79,4.65,16.16
2026-04-24,105.06,96.6,556.59,0.75,2.52,15.02
2026-04-25,93.82,105.51,626.73,2.95,9.8,16.58
2026-04-26,92.69,113.7,468.21,2.54,8.68,14.62
2026-04-27,93.51,87.95,600.17,0.61,5.48,16.04
2026-04-28,105.92,122.39,616.39,0.18,6.43,15.92
2026-04-29,93.69,95.93,646.21,2.78,3.05,17.71
2026-04-30,104.35,99.68,549.31,4.33,5.89,17.2
2026-05-01,131.13,88.79,604.28,2.22,7.25,19.12
2026-05-02,113.07,63.64,553.73,0.77,5.64,15.07
2026-05-03,95.11,113.26,612.77,3.29,9.91,16.41
2026-05-04,118.02,111.05,555.23,0.25,6.5,16.46
2026-05-05,93.88,95.78,579.59,1.75,4.34,16.71
2026-05-06,69.43,101.0,550.21,0.54,7.95,12.85
2026-05-07,84.88,107.74,632.56,0.61,2.53,13.71
2026-05-08,71.94,76.56,642.92,0.68,4.46,14.75
2026-05-09,94.73,92.06,588.27,1.47,4.12,16.59
2026-05-10,100.28,111.91,601.91,0.16,4.89,16.64
2026-05-11,125.15,81.19,527.57,1.52,8.04,16.93
2026-05-12,104.9,104.4,585.02,2.15,5.36,17.46
2026-05-13,96.71,79.65,597.49,1.98,8.15,17.22
2026-05-14,112.44,107.0,731.04,1.45,6.19,17.52
2026-05-15,66.83,99.47,544.4,5.48,4.08,14.54
2026-05-16,103.53,75.77,673.21,0.47,8.29,18.97
2026-05-17,111.56,117.47,649.84,2.11,3.14,16.81
2026-05-18,77.82,88.98,614.03,0.19,3.02,18.25
2026-05-19,117.16,87.85,687.93,0.22,5.54,16.57
2026-05-20,105.08,103.01,618.61,2.56,3.35,17.2
2026-05-21,93.77,117.23,619.46,2.5,1.08,14.26
2026-05-22,109.49,84.76,597.34,6.31,6.83,17.33
2026-05-23,134.06,100.93,661.18,2.45,5.6,18.56
2026-05-24,102.73,106.43,654.82,9.64,5.01,19.03
2026-05-25,103.72,110.4,568.72,0.15,9.7,19.85
2026-05-26,93.11,102.65,534.04,0.31,6.14,14.32
2026-05-27,87.25,94.49,589.85,0.14,8.77,13.7
2026-05-28,112.46,87.59,560.0,0.61,2.26,16.54
2026-05-29,87.16,101.29,596.82,2.34,6.12,12.48
2026-05-30,101.07,83.92,661.87,3.11,8.81,17.99
2026-05-31,92.84,56.18,577.13,0.14,6.25,16.86
2026-06-01,107.18,106.55,597.86,8.75,7.46,19.64
2026-06-02,105.0,113.56,602.9,5.54,4.35,18.29
2026-06-03,115.56,64.56,642.42,1.06,1.83,17.36
2026-06-04,92.35,84.85,487.66,0.24,5.12,14.46
2026-06-05,95.95,109.29,569.66,0.56,4.55,13.6
2026-06-06,85.32,130.86,610.56,0.41,8.8,12.45
2026-06-07,93.34,100.31,660.0,0.39,3.2,16.16
2026-06-08,105.66,89.08,575.4,2.19,9.7,15.19
2026-06-09,111.35,97.26,506.17,0.85,9.62,15.33
2026-06-10,86.17,120.62,630.99,1.33,3.23,13.02
2026-06-11,113.04,90.31,568.23,13.67,4.13,21.06
2026-06-12,120.33,88.01,540.52,3.46,9.06,20.55
2026-06-13,106.2,92.76,568.78,8.93,9.7,16.98
2026-06-14,128.15,85.7,590.77,0.46,4.99,14.75
2026-06-15,88.39,101.84,569.76,1.44,3.89,14.68
2026-06-16,81.33,124.37,489.72,2.43,5.73,13.31
2026-06-17,73.32,104.85,644.85,0.24,7.19,15.04
2026-06-18,122.44,96.21,663.74,0.01,3.46,16.59
2026-06-19,109.82,95.62,632.58,3.33,7.63,17.45
2026-06-20,99.17,76.55,543.12,3.08,1.46,16.95
2026-06-21,104.2,113.25,589.93,1.59,1.44,16.76
2026-06-22,83.12,98.83,599.67,2.02,4.48,12.32
2026-06-23,136.69,97.29,629.94,1.61,4.18,17.59
2026-06-24,101.94,147.9,633.42,0.07,3.84,14.24
2026-06-25,101.64,104.48,563.29,1.23,5.42,14.07
2026-06-26,110.89,88.72,604.1,0.58,3.89,19.2
2026-06-27,107.22,93.6,622.86,0.31,2.73,15.26
2026-06-28,103.36,117.23,672.79,9.42,3.79,18.35
2026-06-29,88.14,101.7,635.23,2.74,9.77,17.33
2026-06-30,107.07,78.43,639.45,3.91,4.7,17.37
2026-07-01,128.23,113.79,604.19,1.14,5.0,13.97
2026-07-02,120.18,89.98,670.52,1.5,6.19,17.54
2026-07-03,123.9,128.1,620.49,0.81,9.85,18.05
2026-07-04,92.33,116.2,556.95,0.31,3.17,13.44
2026-07-05,85.16,93.29,670.17,0.59,7.13,14.85
2026-07-06,98.11,119.22,634.9,4.79,7.44,18.06
2026-07-07,100.84,101.02,577.85,3.4,6.47,15.95
2026-07-08,116.41,112.79,576.03,2.38,1.8,15.2
2026-07-09,74.61,107.27,614.83,1.93,7.09,15.1
2026-07-10,122.94,87.3,623.16,7.67,1.58,20.5
2026-07-11,97.63,90.35,609.86,0.23,6.37,19.64
2026-07-12,93.6,115.45,615.57,0.99,7.66,16.52
2026-07-13,84.82,94.98,685.0,1.29,2.9,17.71
2026-07-14,75.18,93.95,653.58,4.58,8.57,16.01
2026-07-15,112.35,85.67,609.53,14.68,1.27,19.28
2026-07-16,101.1,106.35,647.07,0.83,8.59,16.47
2026-07-17,80.65,130.94,548.37,6.22,5.14,14.82
2026-07-18,80.57,83.99,619.9,5.33,2.96,15.14
2026-07-19,94.96,100.36,690.47,0.76,2.2,15.82
2026-07-20,125.04,121.18,589.1,1.53,9.58,17.31
2026-07-21,96.11,98.81,557.62,1.58,1.65,15.61
2026-07-22,77.45,106.79,567.4,11.48,2.79,17.75
2026-07-23,96.31,84.06,545.52,0.6,4.13,15.94
2026-07-24,95.91,106.42,560.76,4.82,6.58,15.49
2026-07-25,59.55,97.19,581.47,1.22,5.9,13.09
2026-07-26,99.19,114.79,529.72,3.94,2.13,13.26
2026-07-27,96.54,117.81,600.78,1.63,3.61,17.65
2026-07-28,110.44,138.84,645.11,2.59,3.15,15.53
2026-07-29,127.73,108.69,554.61,5.36,2.92,17.15
2026-07-30,116.9,104.89,675.96,4.89,4.7,16.95
2026-07-31,95.97,102.92,625.54,6.04,7.34,21.89
2026-08-01,83.4,94.7,651.53,0.18,2.96,13.64
2026-08-02,138.6,105.08,567.11,3.53,4.3,17.24
2026-08-03,100.89,95.57,642.73,0.45,4.52,16.86
2026-08-04,100.21,102.53,545.4,1.61,9.79,16.73
2026-08-05,99.64,119.76,644.51,2.39,9.59,17.75
2026-08-06,102.97,84.9,608.59,1.55,8.2,19.83
2026-08-07,97.83,117.1,627.66,2.2,3.17,16.22
2026-08-08,91.4,119.76,541.22,15.0,1.61,16.27
2026-08-09,91.8,98.23,555.25,0.44,3.85,14.34
2026-08-10,99.51,68.17,629.86,3.38,3.4,18.36
2026-08-11,91.85,90.88,552.58,1.51,5.55,18.59
2026-08-12,89.31,119.45,623.16,0.43,8.0,12.75
2026-08-13,101.6,99.66,531.64,0.52,8.72,17.24
2026-08-14,96.18,85.01,642.41,8.94,8.6,19.65
2026-08-15,122.56,92.43,538.37,6.35,4.24,19.4
2026-08-16,60.24,112.61,627.61,7.13,7.19,15.49
2026-08-17,116.37,108.2,631.28,14.31,3.82,19.22
2026-08-18,118.69,96.42,565.16,0.7,1.55,17.22
2026-08-19,68.9,94.5,629.1,1.32,7.31,16.06
2026-08-20,94.86,94.12,613.02,3.32,1.09,17.67
2026-08-21,94.43,86.16,573.06,1.98,4.68,16.05
2026-08-22,78.89,124.23,549.57,1.63,3.96,12.46
2026-08-23,88.33,95.17,501.87,1.33,7.24,12.41
2026-08-24,83.34,118.26,617.48,2.7,7.9,16.44
2026-08-25,126.28,122.82,521.76,2.57,3.74,16.4
2026-08-26,114.04,114.97,604.77,0.53,8.3,14.69
2026-08-27,119.07,93.53,586.83,1.91,3.65,16.21
2026-08-28,110.83,106.06,633.96,2.42,5.02,16.17
2026-08-29,83.06,99.64,584.9,2.53,7.54,13.31
2026-08-30,92.13,86.44,583.53,0.71,7.24,14.69
2026-08-31,107.34,104.87,636.59,4.07,9.89,16.05
2026-09-01,81.67,82.31,616.75,0.08,3.03,14.67
2026-09-02,110.69,117.82,615.81,1.31,6.96,14.96
2026-09-03,96.4,93.03,623.46,4.55,6.49,14.9
2026-09-04,94.38,103.02,523.22,2.49,9.24,18.53
2026-09-05,110.66,104.25,637.84,0.91,2.41,18.13
2026-09-06,106.66,96.12,630.62,3.56,7.77,16.47
2026-09-07,94.59,108.8,549.17,2.51,6.11,15.64
2026-09-08,117.39,92.88,587.8,4.77,3.47,18.44
2026-09-09,83.78,113.07,598.03,3.98,5.27,17.16
2026-09-10,109.24,79.81,593.28,2.83,4.0,16.22
2026-09-11,108.9,101.9,616.69,2.01,6.21,18.4
2026-09-12,95.36,129.08,671.57,0.43,9.0,14.53
2026-09-13,104.89,85.0,654.09,0.91,6.12,15.27
2026-09-14,81.23,89.83,534.39,1.63,6.69,16.06
2026-09-15,113.86,107.71,631.1,2.74,5.67,19.02
2026-09-16,97.23,102.69,666.45,2.16,1.46,20.09
2026-09-17,92.16,105.26,619.34,1.02,3.1,13.41
2026-09-18,115.74,107.34,654.55,0.02,5.43,17.64
2026-09-19,89.43,109.52,700.61,2.06,3.79,15.48
2026-09-20,78.87,116.65,651.19,1.01,2.64,15.53
2026-09-21,76.65,106.15,612.47,3.98,5.54,13.25
2026-09-22,109.09,96.38,652.25,0.07,3.91,14.64
2026-09-23,80.79,110.09,607.24,2.64,3.32,13.67
2026-09-24,126.32,128.5,601.2,8.51,5.18,18.38
2026-09-25,68.77,98.01,582.43,0.57,2.2,12.77
2026-09-26,125.45,85.38,678.17,1.91,9.35,20.14
2026-09-27,103.17,116.61,559.08,0.29,8.81,16.59
2026-09-28,98.55,98.19,676.62,2.95,7.37,18.29
2026-09-29,91.83,67.41,624.99,2.4,1.96,19.49
2026-09-30,105.99,112.71,530.03,1.57,7.98,15.98
2026-10-01,99.44,91.97,618.38,2.21,8.27,15.14
2026-10-02,116.55,98.64,495.0,6.81,7.91,19.71
2026-10-03,101.71,104.98,631.28,0.66,2.03,14.69
2026-10-04,102.25,102.86,644.26,0.07,6.8,17.51
2026-10-05,94.55,110.64,570.38,5.93,8.51,19.0
2026-10-06,99.15,93.47,606.18,2.58,6.2,17.36
2026-10-07,104.62,107.7,697.71,6.64,6.82,16.33
2026-10-08,74.35,96.11,574.71,2.73,5.13,13.57
2026-10-09,79.78,111.08,547.05,4.98,5.76,17.07
2026-10-10,111.15,109.23,674.08,1.68,1.31,16.31
2026-10-11,102.56,85.97,698.13,4.16,6.75,18.71
2026-10-12,97.24,116.29,600.18,7.33,1.73,17.72
2026-10-13,100.28,91.96,650.57,2.55,4.92,18.14
2026-10-14,105.21,112.12,667.07,0.6,3.63,16.41
2026-10-15,91.9,105.51,562.88,0.94,5.91,14.56
2026-10-16,88.33,127.57,575.73,0.66,2.2,13.02
2026-10-17,102.94,96.65,661.54,0.85,7.22,18.16
2026-10-18,85.32,94.76,684.25,1.1,8.16,17.29
2026-10-19,106.12,99.71,628.14,2.43,2.47,16.19
2026-10-20,74.46,95.45,556.01,2.66,1.94,16.08
2026-10-21,115.44,112.0,699.35,1.67,2.31,16.82
2026-10-22,107.09,75.76,573.45,2.87,8.89,16.53
2026-10-23,103.84,84.19,583.24,0.26,5.75,15.17
2026-10-24,114.74,83.98,617.12,0.28,5.21,15.68
2026-10-25,124.98,114.25,677.71,0.57,1.96,16.41
2026-10-26,115.22,125.66,642.7,2.19,6.85,18.35
2026-10-27,72.39,98.43,620.74,0.72,8.81,13.78
2026-10-28,80.81,97.47,623.16,1.0,8.45,15.8
2026-10-29,90.63,101.05,602.18,1.53,6.63,14.65
2026-10-30,100.39,117.43,627.91,5.01,1.68,15.88
2026-10-31,107.76,86.09,473.52,0.04,2.01,12.63
2026-11-01,89.11,103.58,585.17,3.14,1.44,14.92
2026-11-02,102.8,114.63,612.07,3.32,3.32,15.71
2026-11-03,88.67,107.52,542.45,4.81,2.22,16.03
2026-11-04,90.83,102.84,619.32,8.1,3.34,17.72
2026-11-05,78.9,115.02,589.78,0.06,4.47,11.91
2026-11-06,86.15,59.45,687.77,0.5,9.49,19.53
2026-11-07,79.72,110.17,678.65,6.52,6.49,17.29
2026-11-08,85.36,90.19,576.71,1.84,8.51,16.13
2026-11-09,115.8,72.54,592.46,2.49,7.39,18.29
2026-11-10,85.76,107.67,596.3,3.26,2.01,14.35
2026-11-11,139.49,120.6,577.42,3.41,7.62,18.04
2026-11-12,107.4,97.94,609.75,8.05,3.48,19.03
2026-11-13,102.77,114.29,562.09,15.0,6.75,16.74
2026-11-14,87.12,124.18,543.47,3.82,4.07,13.57
2026-11-15,110.5,119.72,631.14,1.02,9.98,15.97
2026-11-16,91.37,124.6,631.48,6.35,3.37,16.53
2026-11-17,101.83,111.13,559.78,0.15,3.51,16.43
2026-11-18,138.4,101.13,644.77,0.79,9.38,17.34
2026-11-19,98.56,75.97,568.42,6.83,1.22,17.0
2026-11-20,117.24,96.31,612.66,0.89,7.27,16.36
2026-11-21,89.45,87.35,641.02,0.75,7.53,15.16
2026-11-22,99.48,132.56,598.32,0.45,8.53,14.12
2026-11-23,126.56,97.36,622.74,5.88,9.77,20.56
2026-11-24,90.6,101.85,574.18,2.08,9.78,14.22
2026-11-25,127.19,108.27,590.18,3.37,1.59,17.74
2026-11-26,110.62,100.65,589.71,0.82,8.4,13.93
2026-11-27,91.56,125.43,562.67,4.26,6.82,14.3
2026-11-28,109.49,90.66,591.16,4.28,6.83,17.23
2026-11-29,114.59,102.92,522.57,1.12,2.16,17.9
2026-11-30,109.33,88.86,575.44,1.59,6.85,16.42
2026-12-01,76.45,80.2,585.76,0.71,9.84,12.37
2026-12-02,89.09,90.82,587.19,11.26,9.21,15.99
2026-12-03,96.29,99.44,587.93,3.11,4.95,16.2
2026-12-04,98.88,93.56,596.91,8.18,1.36,18.68
2026-12-05,109.31,89.61,623.97,1.08,4.26,17.44
2026-12-06,102.67,78.91,643.73,4.57,8.44,18.88
2026-12-07,79.97,98.75,567.51,4.36,7.31,17.5
2026-12-08,105.7,77.43,539.84,3.53,5.13,16.35
2026-12-09,109.16,111.4,547.9,10.11,1.5,19.01
2026-12-10,108.4,101.24,575.64,1.5,4.84,13.61
2026-12-11,116.21,78.14,582.4,0.42,5.22,15.8
2026-12-12,112.51,95.36,561.5,3.34,9.36,14.65
2026-12-13,106.89,88.72,535.19,3.92,6.77,16.59
2026-12-14,98.95,104.79,577.19,2.57,3.8,15.61
2026-12-15,75.09,120.11,609.07,0.7,5.73,13.99
2026-12-16,106.44,71.87,629.75,2.11,1.59,17.63
2026-12-17,103.12,101.73,572.13,1.12,9.75,14.73
2026-12-18,104.07,97.6,579.35,1.67,4.24,15.73
2026-12-19,80.85,110.07,553.67,3.11,5.3,12.39
2026-12-20,83.78,103.2,598.43,4.1,4.2,17.74
2026-12-21,115.8,88.72,557.58,0.79,7.14,16.31
2026-12-22,99.41,95.21,628.66,1.56,6.96,15.88
2026-12-23,110.22,88.06,510.71,0.94,7.44,18.51
2026-12-24,100.42,116.14,582.02,0.66,3.41,12.87
2026-12-25,100.45,100.32,615.06,4.59,3.84,15.23
2026-12-26,114.07,128.52,609.19,7.2,2.13,15.38
2026-12-27,92.26,99.09,734.65,1.39,6.9,17.0
2026-12-28,101.44,89.37,617.49,4.17,1.36,17.71
2026-12-29,93.07,77.29,549.8,6.82,6.38,18.85
2026-12-30,93.48,72.95,595.23,5.61,8.83,22.13
2026-12-31,95.36,76.24,511.19,0.61,9.02,12.54
2027-01-01,103.33,104.01,595.97,9.39,5.04,19.2
2027-01-02,92.82,107.63,558.35,1.42,5.13,14.02
2027-01-03,118.84,76.28,645.77,1.24,1.69,17.01
2027-01-04,86.58,113.43,572.52,0.19,7.04,13.35
2027-01-05,97.2,92.75,594.16,2.0,8.39,15.17
2027-01-06,93.4,102.2,568.22,0.35,3.2,17.22
2027-01-07,121.7,124.18,686.94,0.86,4.79,17.99
2027-01-08,102.95,113.45,583.94,1.14,8.55,15.68
2027-01-09,115.48,95.97,691.63,4.96,8.89,21.26
2027-01-10,77.72,86.63,640.71,6.25,3.19,14.75
2027-01-11,104.01,67.72,624.1,1.08,5.96,15.66
2027-01-12,113.34,89.21,618.44,5.87,2.73,15.05
2027-01-13,101.23,96.83,619.69,5.84,1.92,16.28
2027-01-14,115.98,85.19,503.62,4.34,9.2,17.89
2027-01-15,92.24,98.03,586.06,0.48,8.38,15.69
2027-01-16,121.14,101.15,642.26,3.52,7.84,18.5
2027-01-17,134.48,96.63,597.56,8.7,1.44,17.47
2027-01-18,94.56,90.25,529.74,3.44,8.59,17.51
2027-01-19,93.32,102.53,597.38,1.21,4.94,15.75
2027-01-20,121.8,106.63,685.21,2.08,4.08,18.81
2027-01-21,123.69,83.64,662.34,3.11,5.92,16.15
2027-01-22,92.16,121.16,596.9,2.14,1.82,15.02
2027-01-23,93.7,98.52,647.57,0.38,7.81,14.33
2027-01-24,95.77,100.28,581.67,1.12,6.24,14.96
2027-01-25,79.83,110.62,514.81,4.86,2.68,15.24
2027-01-26,86.22,103.5,553.78,5.93,2.69,15.89
2027-01-27,84.94,114.3,678.14,0.44,2.66,13.58
2027-01-28,88.48,104.31,586.3,9.13,1.51,17.02
2027-01-29,99.48,90.81,587.83,1.2,6.29,13.91
2027-01-30,103.51,105.42,585.01,3.26,8.56,18.37
2027-01-31,123.26,82.84,695.21,4.18,1.16,18.86
2027-02-01,85.02,101.63,681.3,5.01,1.44,18.32
2027-02-02,114.76,99.5,710.94,8.74,6.15,19.32
2027-02-03,96.79,96.88,592.05,1.13,8.38,15.27
2027-02-04,99.26,98.07,614.78,5.87,3.94,16.2
2027-02-05,110.12,71.77,524.17,0.42,4.15,17.73
2027-02-06,83.16,91.77,673.85,3.66,6.37,15.9
2027-02-07,105.74,101.39,541.61,4.06,3.47,17.18
2027-02-08,102.5,102.4,610.84,3.4,1.24,15.71
2027-02-09,107.39,84.58,545.13,0.87,7.62,13.5
2027-02-10,104.34,118.99,570.56,6.19,6.63,15.83
2027-02-11,136.83,87.01,558.14,0.55,6.23,15.96
2027-02-12,90.43,114.54,569.61,0.17,7.68,14.5
2027-02-13,92.04,106.41,573.04,3.79,7.08,14.14
2027-02-14,90.65,90.31,572.59,1.94,2.85,16.9
2027-02-15,91.67,126.63,641.67,5.67,4.17,15.92
2027-02-16,90.44,82.1,544.76,1.45,2.13,15.07
2027-02-17,117.84,113.79,611.03,0.55,2.17,16.82
2027-02-18,121.31,115.01,660.9,5.43,7.09,19.86
2027-02-19,91.44,89.94,574.34,2.39,8.73,16.28
2027-02-20,87.51,120.89,564.1,0.63,9.66,13.18
2027-02-21,107.07,96.25,588.47,3.82,6.66,14.54
2027-02-22,91.72,104.33,658.99,2.15,2.66,14.88
2027-02-23,109.49,103.9,609.71,2.78,1.95,15.52
2027-02-24,103.04,97.99,573.44,1.85,8.32,16.52
2027-02-25,77.26,112.16,624.19,5.29,6.21,15.31
2027-02-26,123.21,111.9,544.89,5.31,6.56,18.41
2027-02-27,126.94,73.77,634.07,3.71,8.03,18.73
2027-02-28,90.81,119.57,620.43,0.33,7.33,14.71
2027-03-01,94.18,75.06,584.61,5.48,8.51,19.82
2027-03-02,104.29,115.49,558.07,3.34,1.51,15.84
2027-03-03,105.02,116.9,555.67,3.58,7.73,15.89
2027-03-04,109.88,83.64,626.74,1.35,8.66,16.78
2027-03-05,130.15,93.84,661.45,6.34,3.58,18.68
2027-03-06,97.35,83.41,568.13,3.88,6.76,15.78
2027-03-07,88.03,96.78,622.92,0.36,3.83,14.44
2027-03-08,79.31,95.38,495.65,1.57,9.62,15.67
2027-03-09,89.04,111.69,570.77,6.52,1.3,15.45
2027-03-10,99.5,119.65,598.45,0.15,6.22,12.81
2027-03-11,126.92,120.94,554.52,9.76,2.5,20.89
2027-03-12,92.24,91.57,553.17,3.41,7.41,16.72
2027-03-13,103.36,96.86,566.61,2.99,2.58,14.01
2027-03-14,99.75,74.75,614.61,0.95,3.12,16.08
2027-03-15,117.83,87.91,590.63,0.86,5.45,17.25
2027-03-16,137.9,114.47,488.09,8.54,9.23,21.24
2027-03-17,92.04,124.23,493.96,1.06,2.91,11.52
2027-03-18,92.66,81.48,569.66,4.48,2.3,18.11
2027-03-19,115.66,91.11,622.88,1.5,7.83,19.7
2027-03-20,110.23,99.6,462.62,0.45,5.51,13.9
2027-03-21,127.7,104.2,575.01,0.03,9.21,16.48
2027-03-22,108.76,87.86,573.69,2.36,2.32,15.05
2027-03-23,94.61,106.36,669.42,11.16,6.81,18.89
2027-03-24,108.86,92.89,580.75,1.38,3.1,16.2
2027-03-25,116.63,99.78,619.15,1.33,2.41,17.66
2027-03-26,112.31,108.19,607.06,1.27,7.15,18.09
2027-03-27,107.61,100.1,493.47,2.21,6.34,14.49
2027-03-28,116.0,93.45,638.41,1.74,7.79,14.8
2027-03-29,117.54,98.36,610.77,6.36,3.79,18.3
2027-03-30,120.73,98.67,625.41,2.11,5.03,17.92
2027-03-31,109.73,94.45,796.31,2.13,4.65,19.15
2027-04-01,97.49,96.12,495.79,0.45,9.86,14.62
2027-04-02,102.2,123.98,686.23,12.18,3.63,19.22
2027-04-03,118.1,108.41,585.63,0.86,3.65,18.32
2027-04-04,87.75,95.57,614.37,0.23,4.19,15.77
2027-04-05,105.53,110.45,597.72,3.26,6.08,15.86
2027-04-06,94.1,94.99,578.79,2.71,3.27,15.08
2027-04-07,100.43,117.6,571.51,1.61,9.24,15.18
2027-04-08,119.18,105.54,616.48,1.65,3.39,19.19
2027-04-09,102.87,98.39,524.14,4.61,9.06,16.46
2027-04-10,100.7,106.72,637.53,0.65,1.93,15.5
2027-04-11,79.6,76.44,579.19,5.15,6.91,16.23
2027-04-12,111.19,83.1,543.5,3.14,9.16,19.18
2027-04-13,109.68,82.09,577.5,1.63,2.52,19.66
2027-04-14,132.45,102.14,662.86,1.84,9.71,19.36
2027-04-15,95.38,125.99,573.23,0.89,5.08,14.36
2027-04-16,103.29,133.47,617.92,4.18,9.51,16.27
2027-04-17,103.74,109.57,563.45,2.16,7.09,12.22
2027-04-18,123.66,107.51,637.9,1.16,3.71,18.1
2027-04-19,98.57,72.98,634.28,2.72,2.69,17.64
2027-04-20,104.19,91.86,692.43,15.0,3.73,21.98
2027-04-21,109.12,88.18,591.22,1.71,1.84,15.47
2027-04-22,102.8,90.69,633.43,7.6,2.29,17.78
2027-04-23,93.3,97.48,604.9,1.27,1.94,14.77
2027-04-24,102.91,92.92,664.79,0.17,4.81,18.14
2027-04-25,116.1,70.31,564.06,0.69,8.16,17.09
2027-04-26,84.6,111.22,637.25,1.63,2.27,17.99
2027-04-27,101.99,83.91,590.27,0.74,2.17,16.73
2027-04-28,89.5,103.59,596.79,0.0,6.79,13.07
2027-04-29,117.93,131.11,604.59,7.4,2.77,17.0
2027-04-30,77.15,86.21,612.61,5.57,1.88,15.42
2027-05-01,91.62,62.05,594.19,4.07,2.5,14.22
2027-05-02,105.66,95.71,610.74,0.55,9.31,19.06
2027-05-03,123.48,116.51,678.91,0.38,8.39,18.31
2027-05-04,99.01,129.38,649.27,0.21,4.19,15.55
2027-05-05,91.67,81.56,643.46,3.86,6.9,17.85
2027-05-06,128.22,107.45,577.22,7.93,5.84,16.77
2027-05-07,78.28,93.02,555.54,1.69,7.09,14.24
2027-05-08,67.02,98.41,647.77,0.38,7.14,15.98
2027-05-09,106.6,139.67,643.8,2.15,6.66,13.92
2027-05-10,92.47,77.46,673.63,1.29,3.39,13.19
2027-05-11,84.68,103.81,569.8,1.41,1.35,14.0
2027-05-12,110.63,107.02,588.52,2.91,5.1,16.31
2027-05-13,103.66,116.29,518.03,3.81,9.02,15.96
2027-05-14,91.54,101.47,580.38,0.35,6.13,16.13
2027-05-15,80.8,104.62,649.83,0.11,8.49,16.19
2027-05-16,113.09,94.13,576.68,15.0,9.92,21.54
2027-05-17,109.75,104.04,632.02,0.79,2.47,17.93
2027-05-18,98.51,94.85,590.47,0.17,7.23,13.53
2027-05-19,127.7,109.32,616.2,0.63,7.07,17.83
2027-05-20,83.95,94.46,542.62,0.12,9.82,15.8
2027-05-21,77.12,105.66,604.26,1.49,9.87,13.25
2027-05-22,89.62,99.56,450.44,4.86,7.18,12.93
2027-05-23,99.32,116.89,590.66,1.25,3.19,13.77
2027-05-24,103.65,99.23,518.48,1.76,8.19,14.75
2027-05-25,96.38,73.4,660.3,3.38,1.96,18.83
2027-05-26,105.28,118.93,638.87,2.13,8.03,15.42
2027-05-27,81.23,86.41,623.33,5.93,9.19,16.25
2027-05-28,121.66,90.19,676.05,6.03,4.45,18.57
2027-05-29,98.77,91.07,552.55,0.03,6.68,17.18
2027-05-30,116.76,120.62,687.37,4.52,4.87,17.75
2027-05-31,105.14,67.96,646.61,1.85,4.94,17.79
2027-06-01,106.85,147.07,588.17,13.49,3.79,17.6
2027-06-02,108.55,115.84,656.78,1.98,7.86,18.68
2027-06-03,106.72,103.35,544.69,13.0,9.43,18.37
2027-06-04,109.64,99.18,558.77,4.21,9.47,19.29
2027-06-05,119.94,104.28,569.57,0.86,2.57,16.35
2027-06-06,102.95,107.82,573.55,2.32,8.87,15.91
2027-06-07,110.64,109.68,547.17,14.54,7.64,23.49
2027-06-08,98.65,108.33,661.15,5.85,3.28,15.71
2027-06-09,121.6,101.34,587.06,0.31,1.61,15.62
2027-06-10,89.85,97.04,617.63,3.68,3.41,14.38
2027-06-11,127.01,97.73,571.48,1.27,9.21,18.89
2027-06-12,99.4,97.08,508.97,0.02,6.7,17.39
2027-06-13,78.54,117.01,613.5,1.55,7.49,17.1
2027-06-14,101.92,108.9,504.39,0.8,3.31,16.19
2027-06-15,89.78,55.89,596.57,5.13,7.47,18.21
2027-06-16,112.61,109.84,531.58,1.23,1.25,14.5
2027-06-17,90.21,102.92,699.36,5.27,4.38,14.9
2027-06-18,93.31,99.72,645.57,0.0,6.64,18.85
2027-06-19,71.66,94.17,605.29,1.1,2.31,15.13
2027-06-20,93.22,116.86,663.19,0.83,8.41,14.97
2027-06-21,63.64,114.21,557.68,0.8,3.12,14.73
2027-06-22,76.24,88.41,627.17,0.21,6.87,13.84
2027-06-23,111.41,106.11,609.99,0.62,4.65,16.69
2027-06-24,111.79,85.43,613.2,2.43,6.36,17.41
2027-06-25,106.38,79.31,663.62,1.03,1.97,18.25
2027-06-26,85.5,90.6,636.62,1.62,1.15,15.52
2027-06-27,99.28,112.94,614.44,1.42,9.19,13.76
2027-06-28,99.95,114.3,517.26,6.26,3.43,15.93
2027-06-29,82.62,107.7,552.0,7.07,8.38,17.88
2027-06-30,122.55,110.88,593.86,2.04,9.99,17.2
2027-07-01,113.16,107.74,604.67,1.2,2.9,17.21
2027-07-02,96.69,90.38,543.49,0.34,3.39,13.53
2027-07-03,100.4,106.48,720.58,9.2,6.97,19.38
2027-07-04,103.13,112.01,675.82,0.19,9.69,15.52
2027-07-05,69.37,111.31,630.11,1.06,9.24,15.68
2027-07-06,96.29,117.83,603.6,1.06,5.53,15.06
2027-07-07,89.77,110.62,589.39,1.16,8.16,16.16
2027-07-08,84.98,105.27,552.4,0.54,2.22,15.58
2027-07-09,95.78,116.05,603.87,4.59,9.8,17.58
2027-07-10,126.97,99.6,612.89,0.39,9.68,17.99
2027-07-11,109.61,86.77,537.91,3.02,2.47,15.05
2027-07-12,91.43,97.55,616.71,0.4,3.69,15.32
2027-07-13,108.59,88.83,592.24,0.22,1.9,15.26
